Designator,Footprint,Quantity,Value,LCSC Part #
J3,PinHeader_2x03_P2.54mm_Vertical,1,SSQ-103-03-G-D,
J1,PinHeader_2x03_P2.54mm_Vertical,1,SSQ-103-03-G-D,
U6,TPS72301DBVR,1,TPS72301DBVR,
U4,MAX889TESA&plus_,1,MAX889TESA+,
U2,TPS79333DBVR,1,TPS79333DBVR,
R6,R_0603_1608Metric,1,39k,
R5,R_0603_1608Metric,1,69.8k,
R4,R_0603_1608Metric,1,51.5k,
R3,R_0603_1608Metric,1,64.9k,
C14,C_0603_1608Metric,1,22u,
C13,C_0603_1608Metric,1,22u,
C12,C_0603_1608Metric,1,22u,
C11,C_0603_1608Metric,1,1u,
C10,C_0603_1608Metric,1,22u,
C9,C_0603_1608Metric,1,22u,
C7,C_0603_1608Metric,1,10n,
C4,C_0603_1608Metric,1,1u,
C17,C_0603_1608Metric,1,10n,
U5,TPS79333DBVR,1,TPS79333DBVR,
C2,C_0603_1608Metric,1,1u,
C1,C_0603_1608Metric,1,22u,
C3,C_0603_1608Metric,1,22u,
C8,C_0603_1608Metric,1,1u,
C15,C_0603_1608Metric,1,22u,
R9,R_0603_1608Metric,1,39k,
R8,R_0603_1608Metric,1,69.8k,
U1,MAX889TESA&plus_,1,MAX889TESA+,
C5,C_0603_1608Metric,1,22u,
U3,TPS72301DBVR,1,TPS72301DBVR,
C6,C_0603_1608Metric,1,22u,
R1,R_0603_1608Metric,1,64.9k,
R2,R_0603_1608Metric,1,51.5k,
