Designator,Footprint,Quantity,Value,LCSC Part #
R18,R_0402_1005Metric,1,5.1k,
R17,R_0402_1005Metric,1,5.1k,
R14,R_0402_1005Metric,1,Inf,
J1,USB-C_Female_Vert_DX07S024WJ3R400,1,DX07S024WJ3R400,DX07S024WJ3R400
R6,R_0402_1005Metric,1,52.3k,
R10,R_0402_1005Metric,1,5.1k,
R8,R_0402_1005Metric,1,5.1k,
R2,R_0402_1005Metric,1,69.8k,
R9,R_0402_1005Metric,1,5.1k,
R7,R_0402_1005Metric,1,5.1k,
IC1,LT8364IMSE-PBF,1,LT8364EMSE#TRPBF,
C7,C_0402_1005Metric,1,2.2u,
C2,C_0402_1005Metric,1,2.2u,
R1,R_0402_1005Metric,1,5.1k,
IC2,QFN-32-1EP_5x5mm_Pitch0.5mm,1,ATSAMD21E18A-MUT,
L1,IND_ETQP4M3R3KFN,1,3.3uH,ETQ-P4M3R3KFN
J4,USB-C_Female_Vert_DX07S024WJ3R400,1,DX07S024WJ3R400,DX07S024WJ3R400
C9,C_0402_1005Metric,1,2.2u,
R13,R_0402_1005Metric,1,0.68,
R11,R_0402_1005Metric,1,36.5k,
D3,D_SOD-128,1,PMEG6030EP,
J3,PinHeader_2x03_P2.54mm_Vertical,1,Conn_01x06,
R3,R_0402_1005Metric,1,5.1k,
C12,C_0402_1005Metric,1,25pF,
R15,R_0402_1005Metric,1,48.7k,
C10,C_0402_1005Metric,1,2.2u,
C5,C_1206_3216Metric,1,2.2uF,
D2,D_SOD-323F,1,1N4148WS,
C15,C_0402_1005Metric,1,2.2n,
C16,C_0402_1005Metric,1,10n,
C17,C_0402_1005Metric,1,2.2u,
U1,MIC5317-3.3YM5-TR,1,MIC5317-3.3YM5-TR,
U3,SOT-23-6,1,MCP6C02T-020E/CHY,
C11,C_1206_3216Metric,1,2.2uF,
C3,C_0402_1005Metric,1,1u,
R4,R_0402_1005Metric,1,1M,
C13,C_1206_3216Metric,1,2.2uF,
C6,C_1206_3216Metric,1,2.2uF,
R16,R_0402_1005Metric,1,48.7k,
C14,C_0402_1005Metric,1,2.2u,
HV1,TestPoint_Pad_D1.0mm,1,TestPoint,
U2,SOT-23-5,1,RT9072B,
R5,R_0402_1005Metric,1,1M,
J5,PinHeader_2x03_P2.54mm_Vertical,1,Conn_01x06,
C18,C_0402_1005Metric,1,2.2u,
IC4,SOP65P640X120-8N,1,MCP47FEB22A2-E_ST,
R12,R_0402_1005Metric,1,45.3k,
D1,D_0603_1608Metric,1,TSZU52C4V7,
C4,C_0603_1608Metric,1,22u,
C8,C_1206_3216Metric,1,2.2uF,
C1,C_0603_1608Metric,1,22u,
J2,PinHeader_1x04_P2.54mm_Vertical_SMD_Pin1Right,1,Conn_01x04,
